code,system
13AB.00,readv2
13AC.00,readv2
13B1.00,readv2
2G5B.00,readv2
2G5K.00,readv2
66A3.00,readv2
66A8.00,readv2
66AG.00,readv2
66AJ100,readv2
8A13.00,readv2
8H2J.00,readv2
9OLA.11,readv2
F440700,readv2
K01x100,readv2
Kyu0300,readv2
M037200,readv2
N030011,readv2
250 A,oxmis
250 AB,oxmis
250 AT,oxmis
250 C,oxmis
250 CT,oxmis
250 DC,oxmis
250 DR,oxmis
250 E,oxmis
250 ED,oxmis
250 F,oxmis
250 G,oxmis
250 GA,oxmis
250 H,oxmis
250 HC,oxmis
250 HP,oxmis
250 JA,oxmis
250 JE,oxmis
250 JK,oxmis
250 JL,oxmis
250 K,oxmis
250 LG,oxmis
250 M,oxmis
250 N,oxmis
250 NH,oxmis
250 NT,oxmis
250 PG,oxmis
250 PR,oxmis
14F4.00,readv2
8H3O.00,readv2
2126300,readv2
212H.00,readv2
2500W,readv2
9N1Q.00,readv2
9N1i.00,readv2
9N1v.00,readv2
9NM0.00,readv2
L0010AI,readv2
2BBF.00,readv2
2G51000,readv2
2G5C.00,readv2
2BBL.00,readv2
2BBM.00,readv2
2BBW.00,readv2
2BBX.00,readv2
F420400,readv2
2BBP.00,readv2
2BBQ.00,readv2
F420000,readv2
2BBR.00,readv2
2BBS.00,readv2
2BBT.00,readv2
2BBV.00,readv2
2BBk.00,readv2
2BBl.00,readv2
F420100,readv2
F420200,readv2
F420700,readv2
2BBo.00,readv2
C108711,readv2
C108712,readv2
C109611,readv2
C109612,readv2
C10E700,readv2
C10F600,readv2
C10F611,readv2
F420.00,readv2
F420z00,readv2
2G5A.00,readv2
2G5G.00,readv2
2G5E.00,readv2
2G5I.00,readv2
66A2.00,readv2
66AM.00,readv2
2G5F.00,readv2
2G5J.00,readv2
2G5H.00,readv2
2G5L.00,readv2
2G5V.00,readv2
2G5W.00,readv2
C108500,readv2
C108511,readv2
C109400,readv2
C109411,readv2
C109412,readv2
C10E500,readv2
C10F400,readv2
M271000,readv2
M271100,readv2
M271200,readv2
42W..00,readv2
42W1.00,readv2
42W3.00,readv2
42WZ.00,readv2
42c..00,readv2
42c0.00,readv2
42c2.00,readv2
66AI.00,readv2
66AJ.00,readv2
66AJz00,readv2
C108811,readv2
C108812,readv2
C109711,readv2
C109712,readv2
C10E800,readv2
C10F700,readv2
C10F711,readv2
L2500GC,readv2
L2500PC,readv2
42W2.00,readv2
42c1.00,readv2
66A..00,readv2
66AZ.00,readv2
8A12.00,readv2
9OL1.00,readv2
9OL2.00,readv2
66A1.00,readv2
66AW.00,readv2
66A4.00,readv2
66AN.00,readv2
66AV.00,readv2
66A5.00,readv2
66AH000,readv2
C100011,readv2
C100112,readv2
C108.00,readv2
C108.11,readv2
C108600,readv2
C108700,readv2
C108800,readv2
C108900,readv2
C108B00,readv2
C108C00,readv2
C108D00,readv2
C108F00,readv2
C108H00,readv2
C109.00,readv2
C109500,readv2
C109600,readv2
C109A00,readv2
C109B00,readv2
C109C00,readv2
C109E00,readv2
C109F00,readv2
C109G00,readv2
C109H00,readv2
C109J00,readv2
C109J11,readv2
C109J12,readv2
C10E.12,readv2
C10E812,readv2
C10FJ00,readv2
C10FJ11,readv2
66A6.00,readv2
66A7.00,readv2
66A7000,readv2
66A7100,readv2
66AJ000,readv2
66AJ200,readv2
66AJ300,readv2
66Ad.00,readv2
C108E00,readv2
C108E11,readv2
C108E12,readv2
C109D00,readv2
C109D11,readv2
C109D12,readv2
C10EE00,readv2
C10FD00,readv2
66A9.00,readv2
9NN9.00,readv2
ZL22500,readv2
66AA.11,readv2
66AD.00,readv2
L2501CU,readv2
66AH.00,readv2
66AJ.11,readv2
C108400,readv2
C108411,readv2
C10E400,readv2
C10E411,readv2
C10E412,readv2
66AK.00,readv2
66AL.00,readv2
8BL2.00,readv2
66AP.00,readv2
66AQ.00,readv2
66AR.00,readv2
66AS.00,readv2
66AT.00,readv2
66AU.00,readv2
66AX.00,readv2
8H4F.00,readv2
8HME.00,readv2
8HVU.00,readv2
9N2d.00,readv2
9NN8.00,readv2
C108G00,readv2
C108J00,readv2
66AY.00,readv2
66Aa.00,readv2
66Ab.00,readv2
8I3W.00,readv2
66Ac.00,readv2
68A7.00,readv2
8I3X.00,readv2
66Ah.00,readv2
66Aj.00,readv2
66Ai.00,readv2
8HBG.00,readv2
8HBH.00,readv2
66Ak.00,readv2
66Al.00,readv2
C10EL00,readv2
C10FM00,readv2
66An.00,readv2
66Ao.00,readv2
8B3l.00,readv2
68A9.00,readv2
68AB.00,readv2
9OLD.00,readv2
7276.00,readv2
C10G.00,readv2
C10G000,readv2
8H7C.00,readv2
8H7f.00,readv2
8HTk.00,readv2
8Hj0.00,readv2
8Hl1.00,readv2
8Hl4.00,readv2
L0010EI,readv2
ZL62500,readv2
ZL62600,readv2
8H7r.00,readv2
9NND.00,readv2
8HHy.00,readv2
93C4.00,readv2
8HLE.00,readv2
F420300,readv2
F420500,readv2
8HTe.00,readv2
ZV65312,readv2
8HTi.00,readv2
9N1o.00,readv2
9N0m.00,readv2
9N0n.00,readv2
9N0o.00,readv2
9N2i.00,readv2
ZLA2500,readv2
C100.00,readv2
C100000,readv2
C100100,readv2
C100z00,readv2
C104y00,readv2
C105y00,readv2
C106y00,readv2
C107y00,readv2
C108000,readv2
C108011,readv2
C108012,readv2
C108100,readv2
C108200,readv2
C108211,readv2
C108212,readv2
C108300,readv2
C108A00,readv2
C108y00,readv2
C108z00,readv2
C109000,readv2
C109011,readv2
C109012,readv2
C109100,readv2
C109111,readv2
C109112,readv2
C109200,readv2
C109211,readv2
C109212,readv2
C109300,readv2
C109900,readv2
C109911,readv2
C10E000,readv2
C10E100,readv2
C10E200,readv2
C10E300,readv2
C10E312,readv2
C10EA00,readv2
C10EA11,readv2
C10F000,readv2
C10F011,readv2
C10F100,readv2
C10F200,readv2
C10F300,readv2
C10F311,readv2
C10F900,readv2
C10F911,readv2
C10yy00,readv2
C10z.00,readv2
C10z000,readv2
C10z100,readv2
C10zy00,readv2
C10zz00,readv2
Cyu2300,readv2
C100111,readv2
C108911,readv2
C10E900,readv2
C101.00,readv2
C101000,readv2
C101100,readv2
C101y00,readv2
C101z00,readv2
C10EM00,readv2
C10EM11,readv2
C10FN00,readv2
C102.00,readv2
C102000,readv2
C102100,readv2
C102z00,readv2
C103.00,readv2
C103000,readv2
C103100,readv2
C103z00,readv2
C10EN00,readv2
C10EN11,readv2
C10FP00,readv2
C103y00,readv2
C10y.00,readv2
C10y000,readv2
C10y100,readv2
C10yz00,readv2
Cyu2000,readv2
C104.00,readv2
C104.11,readv2
C104z00,readv2
C108D11,readv2
C109C11,readv2
C109C12,readv2
C10ED00,readv2
C10FC00,readv2
C10FC11,readv2
C104000,readv2
C106000,readv2
C104100,readv2
C106100,readv2
C105.00,readv2
C105000,readv2
C105100,readv2
C105z00,readv2
C106.00,readv2
C106z00,readv2
C106.11,readv2
F381300,readv2
F381311,readv2
C106.12,readv2
C108B11,readv2
C109A11,readv2
C10EB00,readv2
C10FA00,readv2
F171100,readv2
F372.12,readv2
F372200,readv2
F3y0.00,readv2
C106.13,readv2
C108C11,readv2
C108J12,readv2
C109B11,readv2
C109H11,readv2
C109H12,readv2
C10EC00,readv2
C10EJ00,readv2
C10FB00,readv2
C10FB11,readv2
C10FH00,readv2
F372.00,readv2
F372.11,readv2
C107.00,readv2
C107000,readv2
C107100,readv2
C107z00,readv2
C107.11,readv2
C107.12,readv2
C107200,readv2
C109511,readv2
C10E600,readv2
C10F500,readv2
C10F511,readv2
R054200,readv2
R054300,readv2
C107300,readv2
C107400,readv2
C109.11,readv2
250 AA,oxmis
C108F11,readv2
C109E11,readv2
C109E12,readv2
C10EF00,readv2
C10FE00,readv2
F464000,readv2
C108H11,readv2
C109G11,readv2
C109G12,readv2
C10EH00,readv2
C10FG00,readv2
N030000,readv2
N030100,readv2
C109700,readv2
C109F11,readv2
C109F12,readv2
C10EG00,readv2
C10FF00,readv2
C10FF11,readv2
G73y000,readv2
C109K00,readv2
C10FK00,readv2
C10C.00,readv2
C10D.00,readv2
C10C.11,readv2
C10D.11,readv2
C10EK00,readv2
C10FL00,readv2
C10FL11,readv2
C10EP00,readv2
C10FQ00,readv2
C10EQ00,readv2
C10FR00,readv2
F345000,readv2
F35z000,readv2
F420600,readv2
F420800,readv2
F372000,readv2
F372100,readv2
L180500,readv2
L180600,readv2
L180X00,readv2
Lyu2900,readv2
250 AD,oxmis
250 AK,oxmis
250 AL,oxmis
250 AM,oxmis